{
  "mean": [
    0.4970410466194153,
    0.018709218129515648,
    0.02497090771794319,
    0.001953459344804287,
    0.0006769406609237194,
    1.822909507609438e-05,
    4.3904927338189736e-07
  ],
  "std": [
    0.2958192527294159,
    0.12092185020446777,
    0.0703912153840065,
    0.046321116387844086,
    0.022393815219402313,
    0.001290629617869854,
    2.086398581013782e-06
  ],
  "state_dim": 7,
  "K_train": 100.0,
  "model_params": {
    "kappa": 0.3,
    "theta": 0.04,
    "xi": 0.5,
    "rho": -0.507,
    "V0": 0.016743959859013557,
    "T": 1.0,
    "n_steps": 50
  },
  "is_training_info": {
    "n_real_paths": 60,
    "n_synthetic_paths": 9500,
    "n_total_paths": 9560,
    "is_v0_mean": 0.016743959859013557,
    "split_date": "2026-01-01"
  }
}