{
  "feature_order": [
    "tau",
    "log_moneyness",
    "V_t",
    "U1",
    "U2",
    "U3",
    "U4"
  ],
  "mean": [
    0.027396999299526215,
    0.0011447734432294965,
    0.017439566552639008,
    -0.00011220430315006524,
    -0.0001032767104334198,
    -1.7947748347069137e-05,
    -1.2132119309171685e-07
  ],
  "std": [
    0.01613091677427292,
    0.02292005904018879,
    0.050477948039770126,
    0.010605735704302788,
    0.009782387875020504,
    0.0030406953301280737,
    9.19988815439865e-06
  ],
  "state_dim": 7,
  "m": 4,
  "K": 637.0,
  "T": 0.054794,
  "r": 0.05,
  "model_params": {
    "S0": 637.0,
    "V0": 0.01385636266532059,
    "kappa": 0.3,
    "theta": 0.01385636266532059,
    "xi": 0.5,
    "rho": -0.544847
  }
}