{
  "feature_order": ["tau", "log_moneyness", "V_t", "U1", "U2", "U3", "U4"],
  "mean": [0.5, 0.014855, 0.0436032, -0.000931373, -0.000521927, -9.74805e-06, -1.07167e-07],
  "std": [0.294352, 0.155343, 0.0938727, 0.0625369, 0.0294923, 0.00172558, 2.7847e-06],
  "state_dim": 7,
  "m": 4,
  "K": 100,
  "T": 1,
  "r": 0.05,
  "model_params": {
    "S0": 100,
    "V0": 0.04,
    "kappa": 0.3,
    "theta": 0.04,
    "xi": 0.5,
    "rho": -0.7,
    "H": 0.1
  },
  "generation_seed": 0,
  "n_cal_paths": 2000
}
